transaction_id,customer_id,amount,transaction_date,country,transaction_type
T0001,C054,19973.4,2025-08-06,Canada,Debit
T0002,C186,8205.01,2025-03-22,India,Debit
T0003,C186,2874.67,2025-01-21,KSA,Credit
T0004,C025,17017.0,2025-04-11,UK,Debit
T0005,C184,22258.07,2024-08-26,Canada,Transfer
T0006,C140,11582.4,2025-05-08,Canada,Transfer
T0007,C133,4392.27,2025-02-01,UK,Credit
T0008,C174,10496.26,2025-08-03,UK,Credit
T0009,C172,7814.87,2024-11-17,Germany,Credit
T0010,C096,10147.24,2025-07-06,Canada,Credit
T0011,C170,13850.89,2025-05-24,India,Debit
T0012,C118,7465.88,2024-09-26,Germany,Transfer
T0013,C096,13032.13,2024-08-19,UAE,Transfer
T0014,C086,16912.03,2024-08-16,USA,Debit
T0015,C012,16404.91,2025-03-15,UK,Debit
T0016,C119,10425.84,2025-02-05,India,Transfer
T0017,C176,17214.08,2024-11-04,USA,Credit
T0018,C110,21466.94,2025-07-20,India,Debit
T0019,C193,10204.24,2025-03-29,Canada,Credit
T0020,C103,15244.08,2024-12-24,Canada,Transfer
T0021,C045,14986.12,2024-08-29,UK,Debit
T0022,C072,16020.18,2025-04-03,Canada,Credit
T0023,C175,9662.19,2024-12-26,Germany,Transfer
T0024,C062,499.31,2025-02-24,KSA,Credit
T0025,C144,8039.28,2025-06-29,KSA,Debit
T0026,C109,9375.78,2025-07-25,USA,Credit
T0027,C188,16210.35,2025-04-26,Germany,Transfer
T0028,C089,14623.9,2025-01-09,UK,Credit
T0029,C010,1442.14,2025-02-06,USA,Transfer
T0030,C196,5190.0,2024-10-12,USA,Debit
T0031,C025,14110.81,2024-10-19,Canada,Debit
T0032,C037,3259.66,2025-07-16,Germany,Credit
T0033,C080,3141.09,2025-01-01,KSA,Credit
T0034,C131,19881.84,2025-04-14,Canada,Debit
T0035,C135,16913.93,2024-09-30,USA,Credit
T0036,C114,21666.71,2024-10-11,UAE,Debit
T0037,C034,14910.56,2024-12-25,Canada,Credit
T0038,C184,9513.87,2024-10-12,UK,Transfer
T0039,C086,6653.11,2024-12-05,USA,Credit
T0040,C149,19773.45,2024-09-30,USA,Debit
T0041,C014,12069.01,2024-08-18,USA,Debit
T0042,C173,19093.95,2025-07-14,UK,Credit
T0043,C129,1728.01,2025-07-09,India,Debit
T0044,C031,11081.58,2025-01-27,UK,Transfer
T0045,C099,15274.01,2025-01-30,USA,Transfer
T0046,C103,4733.95,2024-09-17,UK,Debit
T0047,C091,15651.39,2024-09-11,UK,Transfer
T0048,C034,15342.59,2025-07-08,UAE,Credit
T0049,C104,19229.34,2025-07-07,Canada,Credit
T0050,C090,4383.62,2024-10-15,UAE,Credit
T0051,C193,9586.05,2025-08-03,USA,Credit
T0052,C045,558.48,2024-12-24,India,Credit
T0053,C018,5776.62,2025-04-17,UK,Debit
T0054,C030,23167.87,2024-11-01,Germany,Debit
T0055,C091,24439.44,2024-11-03,Canada,Transfer
T0056,C200,16497.8,2024-09-04,Germany,Debit
T0057,C107,4587.51,2024-12-07,USA,Transfer
T0058,C110,12807.61,2025-05-15,Canada,Credit
T0059,C167,6528.55,2025-02-03,Canada,Debit
T0060,C005,18054.32,2025-04-11,Germany,Debit
T0061,C040,12456.96,2025-08-01,India,Debit
T0062,C004,11574.31,2024-10-12,UK,Debit
T0063,C137,5005.98,2025-02-16,USA,Debit
T0064,C136,9242.79,2024-12-04,UK,Transfer
T0065,C191,14364.27,2025-02-17,Germany,Debit
T0066,C071,17256.8,2025-02-21,UK,Transfer
T0067,C146,16134.06,2025-02-07,USA,Debit
T0068,C020,3147.35,2025-01-06,India,Debit
T0069,C126,14648.88,2025-02-04,UAE,Transfer
T0070,C083,17916.88,2025-06-13,Germany,Debit
T0071,C055,18727.3,2024-11-11,Germany,Debit
T0072,C028,11980.08,2025-03-20,USA,Transfer
T0073,C071,13082.46,2024-08-28,India,Credit
T0074,C167,1203.31,2024-08-16,UK,Transfer
T0075,C062,11442.49,2025-08-03,India,Debit
T0076,C042,11179.0,2025-03-16,India,Debit
T0077,C094,19177.57,2024-10-22,KSA,Transfer
T0078,C059,19688.67,2025-06-09,UK,Transfer
T0079,C003,6152.47,2025-07-08,Canada,Transfer
T0080,C060,21309.89,2025-04-09,UK,Debit
T0081,C039,9646.95,2025-01-24,UAE,Debit
T0082,C073,4807.13,2025-07-24,USA,Transfer
T0083,C022,20694.94,2024-12-14,KSA,Debit
T0084,C057,22738.4,2024-08-18,KSA,Credit
T0085,C196,8737.25,2025-06-15,UK,Debit
T0086,C115,10960.56,2025-06-09,Canada,Credit
T0087,C174,4312.04,2024-12-08,India,Transfer
T0088,C188,5566.49,2025-04-19,India,Debit
T0089,C046,3224.96,2025-06-01,USA,Debit
T0090,C091,16074.07,2025-03-10,USA,Transfer
T0091,C036,9551.73,2024-09-17,UK,Debit
T0092,C104,15112.33,2025-07-07,USA,Transfer
T0093,C116,3551.28,2025-07-22,UAE,Transfer
T0094,C092,16845.23,2024-11-22,UK,Transfer
T0095,C045,3370.72,2024-09-15,India,Transfer
T0096,C144,16486.45,2025-02-26,UAE,Transfer
T0097,C138,3649.12,2025-06-02,Canada,Debit
T0098,C131,14043.15,2025-04-15,Germany,Transfer
T0099,C072,16608.24,2025-02-17,Germany,Debit
T0100,C165,11457.53,2025-07-06,India,Credit
T0101,C146,17435.02,2025-08-01,USA,Credit
T0102,C031,19323.43,2024-10-23,Canada,Credit
T0103,C083,12925.28,2024-10-28,KSA,Credit
T0104,C011,13116.21,2025-07-21,UAE,Transfer
T0105,C128,23120.4,2025-02-10,USA,Credit
T0106,C113,21147.54,2025-05-26,Canada,Debit
T0107,C094,24556.25,2024-11-20,UAE,Transfer
T0108,C105,20515.87,2024-09-20,Canada,Transfer
T0109,C133,1615.05,2024-09-24,UK,Debit
T0110,C128,15882.02,2025-05-23,India,Transfer
T0111,C141,16711.94,2025-03-25,UK,Transfer
T0112,C192,23290.49,2025-01-18,India,Debit
T0113,C122,19608.01,2025-07-29,Germany,Credit
T0114,C118,5997.83,2024-12-13,UAE,Credit
T0115,C113,7763.58,2025-08-08,UK,Debit
T0116,C121,10629.03,2025-02-20,KSA,Debit
T0117,C128,3586.16,2025-06-24,Germany,Debit
T0118,C083,2137.84,2025-03-25,UAE,Transfer
T0119,C018,5153.24,2025-05-07,Germany,Credit
T0120,C028,15887.29,2024-12-26,KSA,Debit
T0121,C191,5156.26,2025-01-22,UK,Credit
T0122,C057,21648.66,2024-10-09,India,Transfer
T0123,C165,15619.86,2024-09-13,USA,Transfer
T0124,C163,19101.35,2025-01-26,India,Transfer
T0125,C170,3941.51,2025-08-04,KSA,Credit
T0126,C192,22411.18,2024-11-04,UK,Credit
T0127,C008,14369.44,2025-05-16,Germany,Transfer
T0128,C032,13132.81,2024-09-29,Germany,Debit
T0129,C142,10504.67,2025-01-23,USA,Credit
T0130,C198,21191.31,2024-10-03,UK,Transfer
T0131,C076,19440.25,2024-11-04,UAE,Debit
T0132,C080,18593.26,2025-03-28,Canada,Transfer
T0133,C179,24280.7,2025-01-07,UK,Credit
T0134,C193,10954.7,2025-04-15,Germany,Credit
T0135,C083,13389.31,2025-06-05,India,Credit
T0136,C062,16122.77,2025-05-08,Germany,Debit
T0137,C017,17841.6,2024-11-20,Germany,Debit
T0138,C107,5850.97,2025-06-05,Germany,Credit
T0139,C089,962.27,2025-06-11,Canada,Credit
T0140,C172,1457.58,2024-10-23,Germany,Debit
T0141,C099,16591.89,2025-03-14,USA,Transfer
T0142,C070,23461.67,2025-07-03,India,Credit
T0143,C115,3800.4,2025-05-06,USA,Credit
T0144,C125,23708.15,2024-11-21,India,Credit
T0145,C054,1140.97,2024-12-29,UK,Debit
T0146,C164,12190.97,2025-03-19,UK,Credit
T0147,C017,10700.8,2025-07-13,UAE,Transfer
T0148,C017,12994.59,2024-10-07,USA,Credit
T0149,C159,3019.5,2025-04-07,Canada,Transfer
T0150,C108,19132.38,2024-10-23,India,Transfer
T0151,C059,20378.27,2025-07-28,Canada,Transfer
T0152,C050,16459.72,2025-02-26,India,Transfer
T0153,C082,6323.96,2025-01-15,UAE,Debit
T0154,C194,18589.77,2024-08-26,India,Credit
T0155,C176,15044.84,2025-06-29,USA,Debit
T0156,C021,13383.32,2025-01-30,UK,Transfer
T0157,C069,7175.41,2025-05-09,Germany,Debit
T0158,C072,1486.33,2024-10-05,UK,Debit
T0159,C030,14562.58,2025-02-24,KSA,Credit
T0160,C143,6456.5,2025-07-21,Canada,Debit
T0161,C127,23547.24,2025-06-14,Germany,Debit
T0162,C106,15099.12,2025-02-10,Germany,Transfer
T0163,C167,5091.82,2024-12-20,India,Transfer
T0164,C181,22898.36,2025-03-26,UAE,Debit
T0165,C012,70.9,2024-09-26,USA,Debit
T0166,C166,15648.88,2025-02-07,USA,Debit
T0167,C143,24544.6,2025-06-28,KSA,Credit
T0168,C140,1297.34,2025-08-02,Germany,Debit
T0169,C125,23577.94,2025-05-30,Canada,Transfer
T0170,C135,4068.58,2024-09-16,USA,Debit
T0171,C094,6768.4,2024-12-03,USA,Debit
T0172,C133,1800.9,2025-07-29,Canada,Credit
T0173,C174,22981.21,2025-01-29,Canada,Credit
T0174,C076,20488.41,2025-06-07,India,Transfer
T0175,C068,6737.73,2025-04-10,Germany,Debit
T0176,C169,9115.14,2024-12-31,India,Credit
T0177,C037,21899.12,2025-07-14,UAE,Credit
T0178,C093,12858.92,2025-04-29,Canada,Transfer
T0179,C010,4167.03,2025-07-06,India,Credit
T0180,C167,24712.77,2024-10-23,Germany,Debit
T0181,C089,539.06,2025-03-26,KSA,Credit
T0182,C061,6748.08,2024-10-19,USA,Debit
T0183,C164,4406.96,2025-06-15,UAE,Debit
T0184,C058,8289.59,2024-10-30,UAE,Credit
T0185,C029,1691.39,2025-07-21,UK,Transfer
T0186,C119,14265.72,2024-11-13,UK,Debit
T0187,C021,13971.95,2025-02-28,Canada,Transfer
T0188,C024,4731.41,2025-04-04,Germany,Debit
T0189,C177,15608.88,2024-08-22,Canada,Transfer
T0190,C012,16631.92,2025-03-02,UK,Debit
T0191,C095,7535.8,2025-04-27,Canada,Transfer
T0192,C100,8067.06,2025-05-29,KSA,Debit
T0193,C101,22163.12,2025-07-20,India,Transfer
T0194,C071,367.42,2024-10-18,KSA,Debit
T0195,C005,2834.49,2025-03-23,Canada,Transfer
T0196,C045,16837.98,2024-11-29,India,Debit
T0197,C097,3044.73,2025-06-22,Canada,Credit
T0198,C005,5143.06,2025-02-10,India,Debit
T0199,C110,18868.49,2025-08-08,India,Credit
T0200,C151,3492.73,2024-10-13,KSA,Debit
T0201,C082,13041.33,2025-04-26,UK,Debit
T0202,C003,9285.08,2025-03-25,USA,Debit
T0203,C143,6114.82,2025-05-20,Canada,Credit
T0204,C126,943.15,2024-11-21,USA,Transfer
T0205,C016,24075.89,2025-01-15,Germany,Transfer
T0206,C055,4975.35,2025-04-10,India,Debit
T0207,C154,13090.28,2025-06-24,KSA,Transfer
T0208,C048,13501.01,2025-02-16,UK,Credit
T0209,C049,19630.82,2025-03-02,UK,Debit
T0210,C115,6398.37,2024-09-06,Canada,Transfer
T0211,C120,4960.73,2025-06-30,India,Transfer
T0212,C100,23187.26,2024-09-10,India,Debit
T0213,C092,2946.31,2025-06-25,India,Credit
T0214,C100,2388.48,2024-10-25,USA,Transfer
T0215,C181,24977.07,2025-04-22,UK,Transfer
T0216,C064,2188.8,2024-09-19,UK,Debit
T0217,C115,6103.82,2025-03-14,India,Credit
T0218,C032,18460.85,2025-08-03,USA,Transfer
T0219,C049,20787.25,2025-07-10,UK,Debit
T0220,C135,2219.14,2025-02-03,Germany,Credit
T0221,C187,23019.28,2024-10-22,USA,Debit
T0222,C194,7727.16,2025-06-12,KSA,Debit
T0223,C076,8072.31,2024-10-02,USA,Transfer
T0224,C076,7298.96,2024-11-24,Canada,Transfer
T0225,C138,12260.09,2025-03-10,India,Transfer
T0226,C131,7224.52,2025-03-12,UAE,Transfer
T0227,C178,3993.1,2024-10-12,India,Transfer
T0228,C075,323.42,2025-02-03,KSA,Transfer
T0229,C001,5241.95,2025-04-23,UAE,Debit
T0230,C117,24670.03,2025-02-27,USA,Debit
T0231,C054,297.6,2025-07-17,USA,Credit
T0232,C043,21055.96,2025-06-19,Canada,Transfer
T0233,C137,10421.7,2024-10-03,Germany,Credit
T0234,C188,1622.41,2025-06-05,UK,Transfer
T0235,C080,19785.91,2025-02-21,USA,Debit
T0236,C136,15648.49,2025-02-25,USA,Credit
T0237,C068,20370.45,2025-06-26,UK,Credit
T0238,C036,8682.62,2024-10-17,Canada,Debit
T0239,C174,18314.13,2025-02-23,Germany,Transfer
T0240,C009,16562.27,2025-02-07,USA,Credit
T0241,C200,5044.94,2025-06-29,Germany,Credit
T0242,C155,22465.35,2025-08-06,UK,Credit
T0243,C024,5377.06,2025-04-03,UAE,Transfer
T0244,C084,19131.08,2024-09-23,KSA,Credit
T0245,C134,17630.52,2024-12-20,Germany,Credit
T0246,C130,1923.88,2025-07-27,USA,Debit
T0247,C090,15823.07,2025-08-15,USA,Transfer
T0248,C153,8069.12,2024-08-18,India,Credit
T0249,C044,11773.05,2024-09-11,India,Debit
T0250,C177,9461.91,2024-10-21,UK,Credit
T0251,C066,17834.37,2024-08-19,India,Credit
T0252,C071,12099.56,2024-11-03,UAE,Credit
T0253,C155,5684.63,2025-06-21,USA,Transfer
T0254,C113,19127.68,2024-12-22,UK,Debit
T0255,C105,1692.26,2025-07-16,Germany,Credit
T0256,C074,195.92,2025-03-02,India,Debit
T0257,C098,19114.4,2025-03-27,UAE,Credit
T0258,C133,24754.66,2025-04-29,USA,Credit
T0259,C092,21156.73,2025-05-04,Canada,Debit
T0260,C141,11654.7,2024-10-22,KSA,Transfer
T0261,C063,13553.4,2024-10-14,Germany,Transfer
T0262,C114,619.34,2025-04-03,Germany,Credit
T0263,C183,18266.92,2025-05-11,UAE,Transfer
T0264,C154,8238.47,2025-05-08,Canada,Debit
T0265,C079,22352.82,2024-10-11,USA,Debit
T0266,C153,22437.13,2024-11-01,Germany,Debit
T0267,C109,22359.37,2025-04-16,USA,Debit
T0268,C088,10701.18,2024-12-06,Canada,Credit
T0269,C020,10529.57,2025-04-18,India,Debit
T0270,C181,23234.66,2024-12-05,Germany,Transfer
T0271,C036,22424.55,2025-01-06,Germany,Debit
T0272,C063,3084.54,2025-07-12,Germany,Debit
T0273,C148,19781.04,2025-04-13,UAE,Credit
T0274,C089,11568.33,2025-01-31,India,Credit
T0275,C180,12420.1,2025-01-11,UAE,Credit
T0276,C185,6750.01,2025-03-28,USA,Transfer
T0277,C059,9083.85,2024-12-23,Canada,Transfer
T0278,C103,15827.28,2025-04-06,Germany,Credit
T0279,C076,5293.08,2025-01-30,UK,Transfer
T0280,C104,20457.49,2025-06-21,Canada,Credit
T0281,C100,15869.3,2024-10-22,USA,Credit
T0282,C025,24985.97,2025-03-17,USA,Transfer
T0283,C123,1930.39,2024-11-13,Canada,Credit
T0284,C131,467.82,2025-03-21,UK,Debit
T0285,C103,24671.87,2024-09-29,Canada,Credit
T0286,C003,18309.08,2025-03-25,UAE,Credit
T0287,C084,7124.07,2025-06-12,UAE,Credit
T0288,C022,3401.17,2025-07-06,Germany,Credit
T0289,C191,8510.36,2025-02-10,Germany,Debit
T0290,C077,13580.63,2025-02-15,UK,Credit
T0291,C171,1247.72,2024-11-30,USA,Debit
T0292,C112,6956.41,2025-05-29,UAE,Transfer
T0293,C153,18133.19,2024-09-05,Germany,Transfer
T0294,C097,12735.03,2024-10-31,USA,Debit
T0295,C161,12501.79,2025-02-02,USA,Debit
T0296,C125,7187.29,2025-07-04,Germany,Debit
T0297,C072,1277.9,2024-09-27,Germany,Transfer
T0298,C094,17486.48,2025-07-31,Canada,Transfer
T0299,C097,7096.84,2024-11-20,Germany,Debit
T0300,C053,6285.45,2025-03-27,UK,Transfer
T0301,C057,7680.08,2025-02-17,KSA,Transfer
T0302,C032,23207.31,2024-12-05,India,Debit
T0303,C197,17038.04,2025-08-14,Canada,Debit
T0304,C133,15527.01,2025-06-08,USA,Credit
T0305,C092,20668.75,2024-10-22,Germany,Credit
T0306,C007,797.45,2024-12-29,KSA,Debit
T0307,C078,17144.44,2025-02-07,KSA,Debit
T0308,C123,22440.61,2025-02-17,UAE,Credit
T0309,C156,10696.0,2024-08-30,Canada,Debit
T0310,C197,1381.57,2025-07-01,UAE,Transfer
T0311,C076,2250.32,2024-08-16,Germany,Credit
T0312,C034,16657.12,2025-04-01,India,Transfer
T0313,C097,22106.47,2025-04-17,India,Credit
T0314,C071,6633.35,2024-11-06,USA,Debit
T0315,C012,14595.33,2025-03-28,Canada,Credit
T0316,C092,18650.41,2025-04-25,Canada,Transfer
T0317,C055,10886.88,2025-03-12,USA,Debit
T0318,C096,24291.49,2025-01-30,USA,Credit
T0319,C063,17916.77,2024-12-30,Canada,Credit
T0320,C114,22596.42,2024-10-13,Germany,Credit
T0321,C057,22850.98,2024-08-24,UAE,Debit
T0322,C166,373.97,2025-03-13,KSA,Credit
T0323,C149,22589.02,2024-11-15,USA,Debit
T0324,C156,15263.99,2025-01-14,Canada,Credit
T0325,C005,21463.8,2025-01-02,Germany,Debit
T0326,C146,3116.83,2025-06-01,UK,Transfer
T0327,C100,23999.58,2025-05-28,Canada,Transfer
T0328,C154,10008.54,2024-12-29,Canada,Debit
T0329,C150,13083.51,2024-09-15,India,Debit
T0330,C059,19432.67,2025-01-13,KSA,Credit
T0331,C147,16729.88,2024-12-01,UAE,Debit
T0332,C034,18819.65,2024-12-20,Canada,Credit
T0333,C009,23662.65,2024-12-17,USA,Debit
T0334,C066,15168.93,2025-04-25,USA,Debit
T0335,C047,10777.77,2025-03-19,UK,Debit
T0336,C046,21564.54,2025-02-02,UAE,Transfer
T0337,C098,14424.07,2024-11-26,India,Transfer
T0338,C182,1246.23,2024-12-12,Germany,Credit
T0339,C165,663.43,2025-03-31,UAE,Transfer
T0340,C173,7751.65,2024-12-03,UAE,Transfer
T0341,C123,1028.28,2025-02-11,UAE,Transfer
T0342,C178,14221.16,2024-09-03,UAE,Transfer
T0343,C182,2047.4,2025-01-25,UK,Transfer
T0344,C174,10182.03,2025-07-20,Canada,Transfer
T0345,C191,19474.18,2025-01-23,India,Credit
T0346,C176,8071.79,2025-05-21,UAE,Transfer
T0347,C195,7649.29,2025-07-15,USA,Credit
T0348,C053,2201.09,2025-01-22,UK,Credit
T0349,C094,17036.54,2025-03-17,USA,Credit
T0350,C176,4171.98,2025-06-14,UK,Credit
T0351,C069,21485.57,2024-09-04,KSA,Debit
T0352,C123,404.98,2025-03-09,USA,Credit
T0353,C056,5379.07,2024-09-14,India,Credit
T0354,C009,24926.47,2025-01-16,Germany,Debit
T0355,C081,12247.24,2025-06-08,KSA,Debit
T0356,C044,14055.01,2024-12-17,KSA,Credit
T0357,C017,19279.63,2025-05-02,KSA,Transfer
T0358,C153,21200.79,2025-02-16,USA,Transfer
T0359,C038,9067.59,2025-08-08,KSA,Debit
T0360,C183,8328.45,2024-09-08,USA,Transfer
T0361,C025,1906.61,2025-07-21,India,Transfer
T0362,C087,654.58,2024-09-04,UK,Transfer
T0363,C127,4128.48,2024-10-27,KSA,Transfer
T0364,C063,6746.07,2024-11-08,UK,Credit
T0365,C173,11236.54,2025-01-16,Germany,Credit
T0366,C106,22795.08,2024-08-28,India,Credit
T0367,C173,22167.64,2024-09-07,India,Debit
T0368,C074,12651.81,2024-11-07,India,Debit
T0369,C087,110.44,2024-10-23,KSA,Transfer
T0370,C199,6027.6,2025-06-07,KSA,Debit
T0371,C105,14389.22,2025-05-19,UK,Credit
T0372,C038,20234.52,2025-07-13,India,Transfer
T0373,C069,19794.48,2024-10-16,USA,Transfer
T0374,C117,15213.82,2025-05-26,KSA,Credit
T0375,C051,17379.72,2025-02-03,India,Transfer
T0376,C032,19904.71,2025-02-10,UAE,Credit
T0377,C103,6895.29,2025-07-19,Germany,Credit
T0378,C156,1388.12,2025-04-10,KSA,Debit
T0379,C023,18292.94,2025-01-03,UAE,Credit
T0380,C140,11466.04,2025-02-10,UK,Debit
T0381,C153,15677.52,2024-10-21,KSA,Transfer
T0382,C138,15058.15,2024-11-29,Canada,Credit
T0383,C024,2869.24,2024-12-19,India,Credit
T0384,C153,14150.8,2025-01-02,Germany,Debit
T0385,C100,22270.09,2024-11-06,USA,Transfer
T0386,C101,22399.76,2025-02-16,India,Credit
T0387,C073,8687.11,2024-12-11,UK,Credit
T0388,C055,22244.17,2025-06-13,Germany,Credit
T0389,C056,14666.13,2024-12-13,India,Transfer
T0390,C046,2418.27,2025-04-15,Canada,Transfer
T0391,C156,716.77,2025-06-03,USA,Credit
T0392,C059,7068.15,2024-09-13,India,Credit
T0393,C129,17960.02,2025-06-04,UK,Transfer
T0394,C174,23338.86,2025-01-19,UK,Transfer
T0395,C081,5721.27,2024-09-20,India,Credit
T0396,C156,11146.72,2025-07-23,UK,Debit
T0397,C112,12197.26,2024-09-14,Germany,Debit
T0398,C120,2000.62,2025-07-18,Canada,Debit
T0399,C131,19279.56,2025-02-12,UK,Transfer
T0400,C053,4788.45,2025-07-22,UK,Credit
T0401,C057,9460.76,2024-10-13,UK,Debit
T0402,C037,6702.68,2025-03-19,Germany,Credit
T0403,C084,14568.5,2025-05-11,Germany,Transfer
T0404,C157,14010.48,2025-03-26,Germany,Credit
T0405,C192,6154.07,2024-08-20,Germany,Credit
T0406,C101,16163.23,2025-08-05,UAE,Debit
T0407,C083,14336.15,2025-05-08,Germany,Credit
T0408,C076,11555.52,2025-01-17,Canada,Credit
T0409,C084,17876.44,2025-05-31,USA,Debit
T0410,C009,23751.85,2024-10-27,UAE,Credit
T0411,C042,11572.87,2025-06-29,USA,Debit
T0412,C061,17494.18,2024-12-24,Canada,Debit
T0413,C145,23948.65,2025-07-11,UAE,Debit
T0414,C134,18138.15,2024-12-02,Germany,Debit
T0415,C154,6167.74,2025-07-16,UK,Debit
T0416,C034,1181.05,2025-08-14,UAE,Debit
T0417,C043,5734.94,2025-04-01,Germany,Transfer
T0418,C136,22823.5,2025-06-02,India,Credit
T0419,C049,9073.33,2024-11-04,USA,Debit
T0420,C074,24939.91,2025-07-04,KSA,Debit
T0421,C039,6865.64,2025-02-28,USA,Credit
T0422,C177,18682.15,2025-03-24,Germany,Transfer
T0423,C020,6609.66,2025-01-04,Canada,Transfer
T0424,C150,2324.99,2024-10-05,Canada,Credit
T0425,C022,22679.64,2025-06-24,KSA,Credit
T0426,C134,14051.63,2025-05-23,USA,Credit
T0427,C093,11038.19,2025-05-07,UAE,Transfer
T0428,C185,7406.12,2025-05-07,Canada,Debit
T0429,C101,13169.92,2024-11-10,India,Transfer
T0430,C033,23181.78,2025-07-07,Canada,Credit
T0431,C005,7769.81,2024-09-01,USA,Debit
T0432,C094,17463.7,2024-10-21,UK,Transfer
T0433,C137,20687.71,2024-09-30,India,Transfer
T0434,C188,19899.35,2025-02-16,KSA,Debit
T0435,C126,3186.73,2025-06-20,UK,Debit
T0436,C105,467.11,2025-08-03,Canada,Credit
T0437,C045,11815.14,2024-10-09,UAE,Debit
T0438,C050,10668.79,2025-05-26,Germany,Transfer
T0439,C056,24983.89,2024-11-11,India,Debit
T0440,C097,4975.9,2025-04-21,Canada,Debit
T0441,C002,8341.73,2024-10-01,USA,Credit
T0442,C118,16876.9,2025-06-26,UAE,Transfer
T0443,C131,16819.07,2025-07-09,KSA,Transfer
T0444,C187,5498.45,2025-03-17,Germany,Credit
T0445,C014,14595.5,2024-11-29,Canada,Debit
T0446,C196,18353.6,2025-01-23,India,Credit
T0447,C105,15089.89,2024-09-22,UK,Debit
T0448,C198,10808.81,2025-03-10,Canada,Credit
T0449,C063,22684.45,2024-09-20,Canada,Credit
T0450,C164,7546.25,2024-12-16,Canada,Credit
T0451,C180,24088.8,2025-03-13,India,Transfer
T0452,C148,16419.83,2025-03-13,KSA,Transfer
T0453,C134,5050.87,2025-05-02,Germany,Debit
T0454,C041,11077.42,2025-02-25,Canada,Debit
T0455,C194,2764.85,2024-10-05,UK,Credit
T0456,C067,219.08,2025-02-14,UK,Debit
T0457,C020,8611.9,2025-08-15,Germany,Debit
T0458,C165,1797.11,2024-12-16,USA,Debit
T0459,C058,16669.19,2025-03-08,Canada,Transfer
T0460,C082,2893.24,2025-03-30,India,Debit
T0461,C116,8382.71,2024-09-25,UAE,Debit
T0462,C037,2237.97,2025-07-11,Canada,Transfer
T0463,C095,10929.73,2025-08-02,Canada,Transfer
T0464,C053,1741.83,2024-10-07,India,Debit
T0465,C143,10573.61,2025-03-21,UAE,Debit
T0466,C040,15556.33,2025-01-24,UAE,Debit
T0467,C122,2923.31,2025-01-15,India,Credit
T0468,C154,3219.84,2025-07-22,Canada,Debit
T0469,C163,22683.6,2025-06-11,USA,Transfer
T0470,C047,14399.33,2024-08-17,India,Debit
T0471,C019,10680.76,2025-07-16,KSA,Debit
T0472,C059,23497.85,2024-11-30,UK,Debit
T0473,C122,7261.37,2024-11-08,India,Debit
T0474,C081,14552.24,2025-08-10,Germany,Transfer
T0475,C128,12181.44,2025-02-13,Canada,Debit
T0476,C077,13057.53,2024-11-01,India,Credit
T0477,C092,9820.53,2025-02-17,USA,Transfer
T0478,C102,5122.88,2025-05-04,Germany,Debit
T0479,C062,11547.65,2024-10-06,KSA,Debit
T0480,C085,12892.6,2024-08-23,UK,Credit
T0481,C196,17656.24,2025-06-26,Canada,Debit
T0482,C069,23612.43,2025-05-19,UK,Transfer
T0483,C151,357.33,2025-01-06,USA,Debit
T0484,C120,1470.11,2025-05-05,India,Transfer
T0485,C063,2608.44,2025-02-08,UAE,Credit
T0486,C174,12819.35,2025-05-29,UK,Transfer
T0487,C171,2501.19,2025-02-02,UK,Credit
T0488,C157,5919.49,2025-03-20,USA,Debit
T0489,C071,23458.29,2024-09-30,Canada,Credit
T0490,C190,18788.2,2024-10-31,UK,Transfer
T0491,C079,14108.43,2024-11-25,Germany,Debit
T0492,C197,16429.23,2024-12-31,UAE,Transfer
T0493,C039,22916.42,2025-08-15,UK,Transfer
T0494,C131,1726.8,2025-04-15,KSA,Debit
T0495,C154,21403.39,2024-09-11,KSA,Debit
T0496,C089,18270.78,2025-02-25,Canada,Transfer
T0497,C131,19414.45,2025-05-11,USA,Transfer
T0498,C073,12769.81,2024-08-19,UK,Credit
T0499,C053,16701.33,2025-07-23,India,Transfer
T0500,C058,14318.91,2024-12-20,India,Transfer
T0501,C036,9426.25,2024-08-17,Germany,Debit
T0502,C022,12725.93,2025-01-16,India,Credit
T0503,C027,9570.03,2024-11-24,UK,Credit
T0504,C198,2836.33,2024-10-17,USA,Debit
T0505,C143,11525.49,2025-08-15,KSA,Transfer
T0506,C036,19975.61,2024-12-04,UK,Transfer
T0507,C010,15106.04,2025-05-17,KSA,Credit
T0508,C144,22123.19,2024-08-30,Canada,Transfer
T0509,C061,7657.34,2025-04-29,UAE,Debit
T0510,C063,6680.33,2024-12-01,KSA,Debit
T0511,C102,23963.12,2025-01-22,UAE,Debit
T0512,C111,22705.22,2024-10-12,UK,Transfer
T0513,C013,9845.28,2025-05-01,Germany,Debit
T0514,C057,1892.38,2024-10-09,UAE,Debit
T0515,C148,6281.02,2025-06-13,USA,Transfer
T0516,C124,23010.39,2025-05-30,UK,Transfer
T0517,C116,6339.96,2025-07-09,Canada,Transfer
T0518,C073,6815.68,2025-07-24,UAE,Debit
T0519,C084,5839.98,2024-10-28,Germany,Transfer
T0520,C089,5515.23,2025-08-01,Canada,Transfer
T0521,C003,20178.59,2024-09-17,KSA,Debit
T0522,C074,19457.94,2024-08-20,USA,Transfer
T0523,C155,10778.04,2025-06-15,Canada,Transfer
T0524,C049,20294.88,2025-03-21,India,Debit
T0525,C163,5864.78,2024-12-30,India,Transfer
T0526,C115,16834.04,2025-06-23,KSA,Credit
T0527,C084,8266.32,2025-03-23,India,Transfer
T0528,C024,1988.97,2025-07-03,KSA,Credit
T0529,C079,4533.35,2024-12-02,UAE,Debit
T0530,C088,18928.99,2024-09-04,UK,Transfer
T0531,C024,22950.0,2024-10-03,India,Transfer
T0532,C053,20625.74,2025-03-03,KSA,Debit
T0533,C124,23402.41,2025-01-09,Germany,Credit
T0534,C135,14633.79,2024-11-09,KSA,Debit
T0535,C055,16570.61,2025-07-20,India,Transfer
T0536,C166,7068.48,2024-08-23,India,Debit
T0537,C196,17286.41,2024-10-02,UAE,Transfer
T0538,C134,3501.44,2025-01-31,Canada,Credit
T0539,C025,8291.94,2025-02-22,UK,Debit
T0540,C023,6971.24,2025-07-07,USA,Credit
T0541,C116,19958.92,2025-01-08,KSA,Credit
T0542,C094,18670.3,2024-08-29,India,Credit
T0543,C038,8326.97,2024-11-14,India,Debit
T0544,C142,2325.39,2024-08-18,USA,Transfer
T0545,C177,20226.46,2024-09-24,UK,Credit
T0546,C119,21684.93,2025-06-03,UAE,Transfer
T0547,C043,2390.96,2024-09-26,Germany,Debit
T0548,C180,15352.29,2025-01-29,UAE,Transfer
T0549,C166,166.41,2025-01-19,UK,Transfer
T0550,C025,2585.81,2024-09-02,KSA,Transfer
T0551,C020,24769.98,2024-10-03,UK,Credit
T0552,C072,6618.33,2024-11-30,India,Debit
T0553,C198,15684.19,2024-11-18,UK,Debit
T0554,C058,8274.89,2025-05-06,UK,Transfer
T0555,C148,24310.05,2025-06-06,USA,Credit
T0556,C013,18012.36,2025-07-01,Germany,Debit
T0557,C144,7863.57,2024-09-05,KSA,Credit
T0558,C035,17542.02,2025-07-13,KSA,Transfer
T0559,C159,16664.46,2024-10-11,Canada,Credit
T0560,C159,17497.23,2024-08-22,UAE,Transfer
T0561,C147,11640.74,2025-04-14,KSA,Debit
T0562,C079,5447.34,2025-03-12,Germany,Debit
T0563,C096,5300.44,2024-10-10,KSA,Transfer
T0564,C189,4384.89,2025-04-21,India,Credit
T0565,C014,4905.77,2024-11-08,India,Credit
T0566,C175,19747.98,2025-07-28,Canada,Credit
T0567,C130,3647.02,2024-09-07,UK,Transfer
T0568,C039,277.27,2024-09-04,Germany,Debit
T0569,C059,15568.37,2024-10-27,Canada,Transfer
T0570,C045,20502.44,2025-03-05,KSA,Debit
T0571,C057,3935.0,2025-08-04,UK,Transfer
T0572,C076,18097.93,2025-02-11,Canada,Debit
T0573,C178,2094.67,2025-03-14,Germany,Credit
T0574,C093,11354.4,2025-04-25,UK,Transfer
T0575,C125,5888.52,2024-09-10,Canada,Transfer
T0576,C058,1132.2,2025-03-21,UK,Credit
T0577,C047,8542.67,2024-12-14,India,Credit
T0578,C108,18340.69,2025-07-20,Germany,Credit
T0579,C096,12165.6,2025-07-04,USA,Debit
T0580,C100,20221.2,2025-07-30,Germany,Transfer
T0581,C125,5938.61,2025-05-25,KSA,Transfer
T0582,C117,8717.37,2025-06-25,India,Debit
T0583,C051,19687.55,2024-09-26,UK,Transfer
T0584,C039,8930.01,2025-04-08,UAE,Transfer
T0585,C189,3225.86,2025-06-26,UAE,Debit
T0586,C073,16391.13,2024-11-02,KSA,Credit
T0587,C077,17820.45,2025-01-24,Canada,Credit
T0588,C191,22574.66,2025-04-22,Germany,Transfer
T0589,C198,17610.68,2025-04-01,KSA,Transfer
T0590,C095,16160.18,2024-11-20,Germany,Debit
T0591,C130,1985.51,2024-08-27,UK,Transfer
T0592,C179,23027.29,2024-12-17,USA,Debit
T0593,C003,19461.5,2025-07-17,USA,Credit
T0594,C087,20608.97,2025-01-05,India,Credit
T0595,C130,5422.6,2025-02-03,USA,Debit
T0596,C069,11425.54,2025-01-26,UAE,Transfer
T0597,C097,206.42,2025-05-20,UAE,Credit
T0598,C159,3147.9,2024-10-22,KSA,Transfer
T0599,C105,18957.89,2025-04-13,UAE,Transfer
T0600,C180,21144.31,2025-02-12,UK,Transfer
T0601,C062,2225.51,2024-10-12,UAE,Transfer
T0602,C171,1209.67,2025-03-14,Canada,Credit
T0603,C119,22084.42,2025-02-19,USA,Credit
T0604,C053,22682.32,2025-05-05,UK,Credit
T0605,C138,13519.18,2025-01-03,Canada,Credit
T0606,C189,5701.92,2025-05-09,USA,Debit
T0607,C102,3547.77,2025-06-22,India,Transfer
T0608,C100,12203.5,2025-08-04,Germany,Debit
T0609,C099,23012.32,2025-08-12,USA,Transfer
T0610,C084,16548.88,2024-12-15,UAE,Transfer
T0611,C020,5458.71,2025-01-19,UAE,Transfer
T0612,C148,22439.88,2025-04-18,India,Transfer
T0613,C079,20152.91,2025-08-14,India,Debit
T0614,C033,20142.37,2024-11-04,UK,Credit
T0615,C130,12016.0,2024-12-11,Canada,Credit
T0616,C188,9331.71,2025-02-13,Germany,Transfer
T0617,C163,20758.72,2025-02-17,UAE,Credit
T0618,C014,5044.33,2024-11-23,UAE,Transfer
T0619,C181,10056.23,2024-09-20,USA,Transfer
T0620,C068,15610.44,2025-05-22,USA,Debit
T0621,C165,7795.7,2024-11-18,USA,Debit
T0622,C079,12171.62,2024-08-24,UAE,Debit
T0623,C005,2520.34,2025-05-29,UAE,Credit
T0624,C037,18679.32,2025-04-25,KSA,Credit
T0625,C086,617.88,2024-10-24,UK,Debit
T0626,C084,14091.64,2025-04-17,KSA,Debit
T0627,C098,4154.29,2024-10-10,Germany,Debit
T0628,C130,14514.9,2024-09-04,Canada,Credit
T0629,C093,18237.26,2025-05-26,India,Debit
T0630,C089,13431.44,2025-04-18,India,Transfer
T0631,C003,23295.16,2024-10-19,UK,Transfer
T0632,C118,11840.19,2025-05-31,India,Debit
T0633,C055,6327.04,2024-12-18,USA,Transfer
T0634,C012,4947.88,2025-04-21,Germany,Transfer
T0635,C170,14244.79,2025-01-01,India,Transfer
T0636,C074,1253.48,2025-03-21,KSA,Credit
T0637,C072,16437.45,2025-06-11,Canada,Transfer
T0638,C196,2076.14,2024-10-12,USA,Transfer
T0639,C096,6983.72,2024-10-28,Germany,Credit
T0640,C196,7832.7,2024-12-12,UK,Transfer
T0641,C174,10264.53,2025-05-30,USA,Credit
T0642,C200,20899.75,2024-10-16,Canada,Debit
T0643,C003,12158.39,2025-02-15,Canada,Credit
T0644,C111,10598.98,2024-12-16,UAE,Transfer
T0645,C007,11089.24,2025-01-11,UAE,Credit
T0646,C145,14501.46,2024-09-09,UK,Debit
T0647,C132,7377.27,2025-05-22,UAE,Credit
T0648,C122,6163.3,2025-05-02,Canada,Transfer
T0649,C138,14838.59,2025-03-30,UAE,Transfer
T0650,C167,2117.82,2025-03-14,Germany,Transfer
T0651,C102,16261.38,2025-04-30,Canada,Debit
T0652,C091,9664.98,2024-11-23,UAE,Transfer
T0653,C098,18689.39,2025-08-03,UAE,Debit
T0654,C099,439.43,2024-10-28,USA,Credit
T0655,C120,22915.97,2024-09-09,India,Transfer
T0656,C045,747.04,2025-01-05,Canada,Debit
T0657,C053,1739.41,2025-01-22,UK,Transfer
T0658,C043,13266.09,2025-03-05,Germany,Credit
T0659,C183,8241.62,2025-02-08,Germany,Debit
T0660,C042,21615.07,2025-06-29,Canada,Credit
T0661,C145,11736.76,2025-03-03,KSA,Credit
T0662,C017,13292.78,2025-06-17,Canada,Debit
T0663,C080,16121.05,2025-08-03,India,Transfer
T0664,C177,24886.99,2025-05-02,UK,Credit
T0665,C158,4706.4,2025-06-29,Germany,Transfer
T0666,C194,22650.23,2024-10-22,UAE,Transfer
T0667,C076,9392.42,2025-02-07,KSA,Debit
T0668,C181,11491.97,2025-08-06,USA,Debit
T0669,C045,19308.93,2024-10-12,India,Transfer
T0670,C026,4141.08,2024-11-26,KSA,Debit
T0671,C141,5738.23,2025-07-16,UAE,Transfer
T0672,C063,24455.1,2025-04-08,Canada,Transfer
T0673,C100,18541.34,2025-07-26,USA,Debit
T0674,C086,5834.62,2024-12-18,UK,Debit
T0675,C032,18044.03,2024-11-05,KSA,Credit
T0676,C010,13364.24,2024-10-23,India,Transfer
T0677,C034,6578.54,2024-12-03,India,Debit
T0678,C062,585.22,2024-12-17,Canada,Credit
T0679,C170,8486.88,2025-04-26,KSA,Credit
T0680,C188,21346.57,2025-02-18,UK,Transfer
T0681,C107,23854.27,2025-04-07,KSA,Transfer
T0682,C025,7412.62,2025-08-05,UK,Credit
T0683,C174,6310.5,2024-12-25,India,Credit
T0684,C162,5750.32,2024-12-15,UAE,Transfer
T0685,C154,21378.38,2025-05-25,USA,Debit
T0686,C111,1299.09,2024-09-23,KSA,Credit
T0687,C102,6506.39,2025-07-26,UAE,Transfer
T0688,C196,16611.77,2025-05-12,India,Transfer
T0689,C181,19839.5,2025-04-15,Canada,Credit
T0690,C183,21586.67,2024-11-17,India,Debit
T0691,C078,16006.57,2025-06-10,Canada,Transfer
T0692,C080,2324.39,2025-04-14,UK,Transfer
T0693,C141,232.8,2025-07-31,Canada,Credit
T0694,C044,22839.08,2025-07-08,UAE,Debit
T0695,C101,24391.96,2024-12-30,USA,Debit
T0696,C122,8541.65,2025-04-17,India,Credit
T0697,C129,13217.69,2025-06-06,USA,Transfer
T0698,C078,4513.37,2025-04-03,Germany,Debit
T0699,C141,470.91,2024-11-29,KSA,Credit
T0700,C016,20412.89,2025-06-21,UAE,Transfer
T0701,C036,19954.03,2025-05-24,UK,Transfer
T0702,C168,22752.31,2025-03-28,Germany,Debit
T0703,C009,23728.56,2024-09-24,Germany,Debit
T0704,C138,4393.6,2025-08-07,Germany,Debit
T0705,C075,4794.67,2025-01-11,India,Credit
T0706,C081,19447.08,2025-07-06,USA,Transfer
T0707,C121,14157.97,2025-02-07,USA,Debit
T0708,C015,1341.83,2024-09-08,UK,Debit
T0709,C137,158.01,2025-05-30,USA,Credit
T0710,C164,23259.81,2024-08-29,Germany,Debit
T0711,C038,689.15,2025-03-10,Canada,Debit
T0712,C186,12372.28,2025-04-07,KSA,Debit
T0713,C020,23981.42,2024-10-03,India,Credit
T0714,C115,14641.54,2024-12-02,UAE,Credit
T0715,C106,6933.21,2024-10-22,Germany,Transfer
T0716,C119,4739.21,2025-06-09,Germany,Credit
T0717,C198,4065.03,2025-07-24,Canada,Debit
T0718,C109,12283.12,2024-09-23,KSA,Transfer
T0719,C196,22372.02,2025-04-01,Germany,Debit
T0720,C076,1381.77,2025-07-04,India,Transfer
T0721,C192,18738.72,2024-12-08,UAE,Debit
T0722,C136,23924.44,2024-12-08,KSA,Debit
T0723,C078,15129.65,2025-02-10,UAE,Transfer
T0724,C165,17911.28,2025-06-29,Germany,Credit
T0725,C028,8799.29,2025-01-29,Canada,Credit
T0726,C116,16182.33,2024-09-05,USA,Debit
T0727,C014,17387.94,2025-04-08,Canada,Transfer
T0728,C164,24079.13,2024-12-15,Germany,Debit
T0729,C134,4568.19,2024-12-22,Canada,Credit
T0730,C099,18172.07,2025-04-23,UAE,Transfer
T0731,C019,13594.02,2025-04-18,UAE,Credit
T0732,C159,20361.07,2024-10-07,UAE,Transfer
T0733,C181,11020.25,2025-03-19,Germany,Credit
T0734,C138,9142.68,2024-10-10,UK,Credit
T0735,C124,13605.59,2024-09-20,Canada,Credit
T0736,C193,24914.14,2025-04-26,India,Credit
T0737,C031,11031.4,2025-03-29,KSA,Transfer
T0738,C135,22973.38,2025-04-13,KSA,Debit
T0739,C174,6022.71,2024-10-15,KSA,Credit
T0740,C069,4973.63,2025-08-01,KSA,Debit
T0741,C121,20798.34,2024-11-10,Germany,Credit
T0742,C093,17735.72,2024-09-27,UAE,Credit
T0743,C010,13662.89,2025-06-16,UAE,Credit
T0744,C127,24413.16,2025-07-01,KSA,Transfer
T0745,C176,9208.18,2024-09-29,KSA,Credit
T0746,C156,19867.68,2024-08-16,UAE,Debit
T0747,C023,20034.38,2025-03-07,USA,Debit
T0748,C162,3438.39,2025-03-16,USA,Transfer
T0749,C186,7538.88,2024-10-17,UK,Credit
T0750,C164,13027.05,2024-12-05,KSA,Debit
T0751,C047,18484.65,2024-12-07,USA,Debit
T0752,C058,18045.44,2024-09-16,Germany,Credit
T0753,C077,12792.5,2024-10-18,KSA,Credit
T0754,C077,13338.33,2025-01-07,Canada,Debit
T0755,C038,22842.86,2025-06-22,UK,Debit
T0756,C102,17598.74,2025-05-21,UK,Credit
T0757,C007,4359.95,2025-04-05,Germany,Credit
T0758,C153,6584.17,2025-04-02,USA,Credit
T0759,C017,9576.49,2025-08-14,Germany,Transfer
T0760,C051,4181.63,2024-10-08,Germany,Credit
T0761,C076,10825.29,2024-09-02,Canada,Credit
T0762,C102,22662.15,2025-03-28,India,Debit
T0763,C052,23967.85,2025-03-07,UAE,Transfer
T0764,C144,18038.27,2025-04-06,UK,Credit
T0765,C006,10768.78,2024-10-24,India,Debit
T0766,C084,14832.63,2025-01-10,Canada,Transfer
T0767,C095,5958.48,2025-06-06,USA,Debit
T0768,C195,5461.06,2024-11-04,Germany,Credit
T0769,C073,16666.85,2024-11-13,Canada,Transfer
T0770,C166,24347.98,2025-02-23,Canada,Credit
T0771,C150,24558.78,2025-06-12,UAE,Transfer
T0772,C080,13474.62,2024-08-20,UAE,Debit
T0773,C070,8304.13,2025-01-28,USA,Transfer
T0774,C164,8046.42,2025-07-18,UAE,Debit
T0775,C096,24022.83,2025-08-01,UAE,Transfer
T0776,C114,7823.23,2024-09-20,Canada,Credit
T0777,C118,10539.04,2024-11-28,Canada,Transfer
T0778,C021,2476.79,2025-03-13,UAE,Debit
T0779,C153,4677.74,2024-11-09,Canada,Debit
T0780,C165,13782.55,2025-03-18,India,Credit
T0781,C170,2217.53,2024-10-19,KSA,Transfer
T0782,C138,13835.85,2025-01-26,Canada,Credit
T0783,C172,4405.55,2025-06-06,USA,Debit
T0784,C148,23986.4,2024-11-08,USA,Transfer
T0785,C002,21989.15,2025-01-02,USA,Debit
T0786,C081,5540.26,2025-05-21,UAE,Credit
T0787,C081,2852.23,2024-10-15,UAE,Credit
T0788,C131,24964.67,2025-06-24,Germany,Credit
T0789,C130,17569.41,2024-09-07,UK,Debit
T0790,C154,12203.94,2025-06-10,USA,Debit
T0791,C068,15110.03,2024-10-27,KSA,Transfer
T0792,C099,11126.28,2025-04-17,UK,Credit
T0793,C078,5269.58,2024-10-06,USA,Credit
T0794,C187,3356.06,2025-05-17,USA,Transfer
T0795,C111,10956.47,2025-04-15,KSA,Transfer
T0796,C137,458.78,2025-03-15,Canada,Debit
T0797,C019,17251.75,2024-08-31,UAE,Transfer
T0798,C045,16237.72,2024-11-10,UK,Transfer
T0799,C074,2330.88,2025-02-23,UAE,Credit
T0800,C099,20814.29,2025-05-06,Canada,Credit
T0801,C092,879.98,2024-08-24,India,Debit
T0802,C185,23466.6,2024-08-26,UAE,Credit
T0803,C051,17198.22,2024-12-31,Canada,Credit
T0804,C002,22988.81,2025-04-18,Germany,Transfer
T0805,C103,4015.42,2025-04-08,USA,Debit
T0806,C105,17519.15,2025-03-30,UK,Debit
T0807,C193,288.23,2025-06-05,Canada,Transfer
T0808,C023,13247.12,2025-04-05,UK,Credit
T0809,C144,11644.87,2025-03-06,Canada,Credit
T0810,C196,13907.37,2024-10-01,KSA,Transfer
T0811,C003,7666.67,2025-06-20,USA,Credit
T0812,C070,9805.69,2025-07-05,Germany,Debit
T0813,C151,10173.27,2025-08-12,KSA,Debit
T0814,C089,14612.55,2025-02-22,UAE,Debit
T0815,C102,13218.53,2024-12-14,UAE,Transfer
T0816,C039,15479.66,2025-07-12,UAE,Debit
T0817,C065,12511.87,2025-05-08,Canada,Transfer
T0818,C034,18335.9,2025-05-06,Germany,Debit
T0819,C017,23256.26,2024-09-08,Germany,Transfer
T0820,C017,23197.83,2024-12-07,UK,Debit
T0821,C132,21372.2,2025-05-03,India,Transfer
T0822,C098,7106.55,2025-06-26,UK,Credit
T0823,C016,9715.59,2025-04-11,USA,Transfer
T0824,C087,4991.66,2025-08-14,USA,Transfer
T0825,C126,14681.64,2025-06-13,KSA,Credit
T0826,C061,8420.18,2025-03-18,India,Credit
T0827,C012,17215.57,2025-02-25,UK,Transfer
T0828,C123,3553.71,2025-07-31,Germany,Debit
T0829,C116,13577.78,2024-11-05,India,Debit
T0830,C133,21462.34,2025-02-09,KSA,Credit
T0831,C031,7238.85,2025-05-22,KSA,Credit
T0832,C056,470.11,2025-03-04,Canada,Credit
T0833,C200,12174.27,2024-09-05,UAE,Transfer
T0834,C096,8242.07,2025-04-20,UAE,Transfer
T0835,C138,2348.97,2024-09-05,KSA,Debit
T0836,C070,22399.62,2025-04-24,UK,Transfer
T0837,C196,15871.7,2025-06-21,UAE,Debit
T0838,C146,5023.83,2025-05-08,KSA,Transfer
T0839,C022,21426.29,2025-03-06,India,Transfer
T0840,C146,23712.93,2025-04-24,UAE,Debit
T0841,C002,12404.75,2024-11-04,UAE,Credit
T0842,C088,4576.6,2025-01-03,UAE,Debit
T0843,C084,24436.64,2025-02-11,USA,Credit
T0844,C111,16821.9,2025-05-09,India,Transfer
T0845,C011,8651.31,2025-07-14,India,Debit
T0846,C191,16804.68,2025-03-31,UK,Transfer
T0847,C153,24965.51,2024-10-20,Canada,Credit
T0848,C076,10395.74,2024-09-28,India,Credit
T0849,C091,10191.62,2024-11-30,UAE,Debit
T0850,C017,22297.23,2025-05-24,Germany,Transfer
T0851,C135,6134.08,2025-01-16,UAE,Credit
T0852,C107,22295.16,2025-06-05,UK,Debit
T0853,C053,4037.72,2025-04-27,UAE,Credit
T0854,C099,17576.06,2024-11-17,Germany,Transfer
T0855,C155,2262.65,2025-06-15,USA,Debit
T0856,C105,367.33,2025-07-19,India,Credit
T0857,C096,6065.4,2025-06-25,USA,Credit
T0858,C026,6805.63,2025-03-17,Germany,Credit
T0859,C108,3539.02,2025-06-12,Canada,Credit
T0860,C086,19559.71,2025-01-05,India,Transfer
T0861,C163,301.27,2024-12-02,USA,Debit
T0862,C097,305.43,2025-02-21,KSA,Transfer
T0863,C134,20757.92,2025-07-10,KSA,Debit
T0864,C195,22806.25,2025-06-07,Canada,Credit
T0865,C101,2982.28,2024-10-25,Germany,Credit
T0866,C098,475.49,2025-05-16,India,Credit
T0867,C003,3598.43,2025-01-21,Canada,Transfer
T0868,C044,8472.91,2025-07-10,Canada,Credit
T0869,C163,15026.85,2025-01-28,UK,Debit
T0870,C026,22789.12,2024-12-31,Germany,Debit
T0871,C011,9635.54,2024-10-24,Germany,Debit
T0872,C072,23267.96,2025-02-24,KSA,Debit
T0873,C047,23816.47,2025-04-26,Canada,Transfer
T0874,C110,12898.49,2025-02-14,Canada,Transfer
T0875,C164,19219.69,2024-08-31,UK,Transfer
T0876,C059,20349.29,2025-05-20,India,Debit
T0877,C123,24094.05,2025-04-01,USA,Transfer
T0878,C124,9371.36,2025-07-10,UAE,Credit
T0879,C177,21065.14,2024-11-11,India,Credit
T0880,C180,2760.64,2025-03-02,UAE,Credit
T0881,C066,2168.43,2024-12-04,Canada,Credit
T0882,C181,8570.09,2025-06-07,Germany,Debit
T0883,C014,15778.55,2024-11-30,UAE,Credit
T0884,C095,20227.72,2024-09-25,USA,Transfer
T0885,C142,21826.6,2024-10-21,India,Credit
T0886,C075,4831.74,2025-03-30,USA,Transfer
T0887,C025,19716.75,2025-02-03,India,Transfer
T0888,C132,4188.72,2024-12-26,Germany,Transfer
T0889,C152,12406.79,2024-11-21,India,Credit
T0890,C140,786.52,2025-03-23,India,Credit
T0891,C013,22356.29,2024-12-20,India,Debit
T0892,C045,10647.77,2024-12-20,UK,Transfer
T0893,C098,11886.46,2024-10-14,Germany,Transfer
T0894,C106,564.04,2025-04-13,KSA,Transfer
T0895,C049,16299.66,2024-10-08,Germany,Transfer
T0896,C153,5191.33,2025-01-01,UAE,Debit
T0897,C146,24635.58,2024-11-29,KSA,Credit
T0898,C016,21767.43,2025-07-26,India,Transfer
T0899,C019,8934.45,2024-11-11,UK,Debit
T0900,C144,8492.62,2024-09-08,KSA,Debit
T0901,C020,2737.36,2025-07-29,UK,Debit
T0902,C168,7966.35,2025-01-25,UK,Credit
T0903,C110,20908.35,2025-03-30,Canada,Transfer
T0904,C084,4920.1,2025-05-28,KSA,Transfer
T0905,C199,11891.58,2025-04-30,Germany,Transfer
T0906,C086,19375.97,2025-02-07,USA,Debit
T0907,C039,3720.87,2025-08-14,USA,Debit
T0908,C062,23638.27,2025-05-12,UAE,Transfer
T0909,C054,14663.84,2025-06-24,Germany,Transfer
T0910,C123,22173.35,2025-05-02,Germany,Credit
T0911,C146,19750.54,2024-08-30,Germany,Transfer
T0912,C181,7909.28,2025-03-01,Canada,Transfer
T0913,C044,17402.31,2024-12-22,UK,Transfer
T0914,C194,20354.54,2024-11-12,USA,Debit
T0915,C034,14930.09,2024-12-08,KSA,Credit
T0916,C108,5907.59,2025-07-25,KSA,Debit
T0917,C154,973.97,2024-10-18,Canada,Transfer
T0918,C070,1926.52,2025-07-07,UK,Credit
T0919,C050,1327.23,2025-04-29,USA,Credit
T0920,C152,3860.91,2025-01-10,Canada,Debit
T0921,C166,7592.64,2024-09-28,Germany,Debit
T0922,C049,13937.11,2025-04-08,Canada,Transfer
T0923,C182,3337.84,2025-03-24,USA,Credit
T0924,C096,20523.11,2025-06-02,Canada,Transfer
T0925,C075,5165.93,2025-08-10,USA,Transfer
T0926,C003,18582.11,2024-08-21,USA,Debit
T0927,C077,9255.56,2025-04-21,UK,Credit
T0928,C162,18884.68,2025-06-01,Germany,Debit
T0929,C034,22422.44,2024-09-01,USA,Debit
T0930,C154,17874.28,2024-08-17,UK,Debit
T0931,C151,9768.11,2024-11-06,Canada,Transfer
T0932,C088,17824.22,2024-11-25,India,Debit
T0933,C190,19062.87,2024-08-28,UK,Debit
T0934,C109,188.44,2024-10-04,USA,Transfer
T0935,C167,21746.61,2025-07-28,Canada,Credit
T0936,C048,18332.54,2025-05-25,Germany,Transfer
T0937,C060,9522.67,2025-01-15,KSA,Transfer
T0938,C175,4956.23,2024-11-21,UK,Debit
T0939,C043,22287.13,2024-10-08,Canada,Credit
T0940,C047,24749.4,2024-10-17,Germany,Transfer
T0941,C018,16131.34,2025-02-28,KSA,Transfer
T0942,C045,19067.53,2024-11-15,Canada,Debit
T0943,C011,23850.54,2024-10-10,UAE,Credit
T0944,C046,12205.77,2024-12-16,UK,Debit
T0945,C042,24331.2,2024-11-15,Germany,Debit
T0946,C052,19043.65,2025-04-21,USA,Transfer
T0947,C132,619.69,2024-09-25,UK,Debit
T0948,C117,12760.65,2025-07-06,UAE,Credit
T0949,C164,9080.43,2024-09-21,USA,Credit
T0950,C158,20370.52,2025-03-01,Germany,Transfer
T0951,C151,4414.4,2025-02-19,Canada,Transfer
T0952,C090,2642.45,2024-10-05,UK,Debit
T0953,C070,1659.39,2024-12-15,UAE,Credit
T0954,C046,3949.09,2024-09-14,Canada,Debit
T0955,C025,14929.55,2025-08-16,Germany,Transfer
T0956,C200,13783.94,2025-02-02,India,Debit
T0957,C107,11237.51,2024-08-24,UAE,Credit
T0958,C134,16629.81,2024-11-11,India,Debit
T0959,C186,10200.03,2025-07-19,UAE,Credit
T0960,C154,257.28,2024-08-21,KSA,Debit
T0961,C052,20139.52,2024-12-16,USA,Debit
T0962,C049,16328.99,2025-05-19,India,Debit
T0963,C002,19180.0,2025-01-31,USA,Debit
T0964,C186,21506.57,2025-03-24,India,Debit
T0965,C150,24334.13,2025-02-24,India,Debit
T0966,C025,4085.1,2025-02-01,Canada,Debit
T0967,C185,14722.14,2025-02-18,India,Transfer
T0968,C046,9848.81,2025-08-06,UK,Transfer
T0969,C099,23240.25,2025-05-01,USA,Credit
T0970,C130,23665.95,2025-05-24,USA,Transfer
T0971,C018,20360.23,2025-04-18,Canada,Credit
T0972,C083,1001.95,2025-07-12,KSA,Debit
T0973,C014,16868.89,2024-10-03,India,Transfer
T0974,C017,16880.97,2024-10-27,Germany,Debit
T0975,C082,4201.67,2025-06-16,Germany,Credit
T0976,C085,1344.4,2025-03-31,UAE,Credit
T0977,C089,5189.97,2024-10-24,Germany,Credit
T0978,C153,24480.6,2025-05-18,Canada,Debit
T0979,C001,15370.58,2025-07-23,Canada,Transfer
T0980,C081,19784.91,2024-10-23,UK,Transfer
T0981,C059,15929.09,2025-03-19,UK,Transfer
T0982,C026,16249.81,2024-12-07,USA,Credit
T0983,C030,24290.19,2024-08-26,India,Transfer
T0984,C108,20329.71,2025-02-11,KSA,Transfer
T0985,C109,14931.04,2025-02-15,Canada,Credit
T0986,C083,17309.06,2024-09-09,Canada,Transfer
T0987,C059,4272.62,2025-01-17,UK,Credit
T0988,C053,6216.22,2024-09-08,UK,Credit
T0989,C148,20631.7,2024-09-21,India,Credit
T0990,C117,10052.84,2025-02-13,USA,Credit
T0991,C011,15513.66,2025-03-12,UK,Transfer
T0992,C139,22660.76,2025-02-11,UK,Transfer
T0993,C042,18787.07,2025-06-20,India,Debit
T0994,C072,14247.41,2025-07-11,UAE,Transfer
T0995,C036,14651.02,2025-04-23,Canada,Credit
T0996,C148,19624.1,2024-10-10,Germany,Transfer
T0997,C103,12407.8,2025-01-13,Canada,Transfer
T0998,C143,23903.64,2024-11-05,KSA,Debit
T0999,C041,10701.53,2024-11-12,Canada,Transfer
T1000,C080,19570.94,2025-04-05,KSA,Credit
